<?xml version = "1.0" encoding = "utf-8"?>
<!DOCTYPE hibernate-configuration SYSTEM 
"http://www.hibernate.org/dtd/hibernate-configuration-3.0.dtd">
<hibernate-configuration>
   <session-factory>
   
      <property name = "hibernate.dialect">org.hibernate.dialect.MariaDB103Dialect</property>
      
      <property name = "hibernate.connection.driver_class">org.mariadb.jdbc.Driver</property>
      
      <!-- Assume test is the database name -->
      
      <property name = "hibernate.connection.url">jdbc:mariadb://192.168.178.2:3306/simplilearn</property>
      
      <property name = "hibernate.connection.username">simplilearn</property>
      
      <property name = "hibernate.connection.password">simplilearn</property>
      
      <property name="show_sql">true</property>
      
      <property name="hbm2ddl.auto">update</property>
      
      
   </session-factory>
</hibernate-configuration>